title,permalink,body,published_at,filter
Apple iPhone SE 64GB,apple-iphone-se-64gb,Lien he a.Ngoc ~ 090 719 88 104,2016-11-01,markdown
Apple iPhone SE 16GB,apple-iphone-se-16gb,Lien he a.Ngoc ~ 090 719 88 105,2016-11-01,markdown
Apple iPad 4 4G 16GB CPO,apple-ipad-4-4g-16gb-cpo,Lien he a.Ngoc ~ 090 719 88 106,2016-11-01,markdown
iPad Mini 4 4G 16GB CPO,ipad-mini-4-4g-16gb-cpo,Lien he a.Ngoc ~ 090 719 88 107,2016-11-01,markdown
iPad Air 2 4G 64GB CPO,ipad-air-2-4g-64gb-cpo,Lien he a.Ngoc ~ 090 719 88 108,2016-11-01,markdown
iPad Air 2 4G 16GB CPO,ipad-air-2-4g-16gb-cpo,Lien he a.Ngoc ~ 090 719 88 109,2016-11-01,markdown
iPad Air Wifi 16GB CPO,ipad-air-wifi-16gb-cpo,Lien he a.Ngoc ~ 090 719 88 115,2016-11-01,markdown
iPad Air 4G 16GB CPO,ipad-air-4g-16gb-cpo,Lien he a.Ngoc ~ 090 719 88 116,2016-11-01,markdown
iPad Air 4G 32GB CPO,ipad-air-4g-32gb-cpo,Lien he a.Ngoc ~ 090 719 88 117,2016-11-01,markdown
iPad Air 4G 64GB CPO,ipad-air-4g-64gb-cpo,Lien he a.Ngoc ~ 090 719 88 118,2016-11-01,markdown
iPad Air 4G 128GB CPO,ipad-air-4g-128gb-cpo,Lien he a.Ngoc ~ 090 719 88 119,2016-11-01,markdown
Xiaomi Wi-Fi Router Mini,xiaomi-wi-fi-router-mini,Lien he a.Ngoc ~ 090 719 88 131,2016-11-01,markdown
āEèn Led USB Xiaomi,den-led-usb-xiaomi,Lien he a.Ngoc ~ 090 719 88 132,2016-11-01,markdown
The New Gamepad,the-new-gamepad,Lien he a.Ngoc ~ 090 719 88 133,2016-11-01,markdown
Xiaomi Mi Power Strip,xiaomi-mi-power-strip,Lien he a.Ngoc ~ 090 719 88 134,2016-11-01,markdown
Loa Bluetooth Xiaomi,loa-bluetooth-xiaomi,Lien he a.Ngoc ~ 090 719 88 135,2016-11-01,markdown
Xiaomi Mi Band,xiaomi-mi-band,Lien he a.Ngoc ~ 090 719 88 136,2016-11-01,markdown
Bóng āEèn thông mình Yeelight,bong-den-thong-minh-yeelight,Lien he a.Ngoc ~ 090 719 88 138,2016-11-01,markdown
Xiaomi Bluetooth Headset,xiaomi-bluetooth-headset,Lien he a.Ngoc ~ 090 719 88 141,2016-11-01,markdown
Yoobao Bluetooth 4.0,yoobao-bluetooth-4-0,Lien he a.Ngoc ~ 090 719 88 142,2016-11-01,markdown
Xiaomi Yi Sports Camera,xiaomi-yi-sports-camera,Lien he a.Ngoc ~ 090 719 88 143,2016-11-01,markdown
Loa Yoobao Hi-Fi 4.0 YBL2,loa-yoobao-hi-fi-4-0-ybl2,Lien he a.Ngoc ~ 090 719 88 144,2016-11-01,markdown
Loa Yoobao,loa-yoobao,Lien he a.Ngoc ~ 090 719 88 145,2016-11-01,markdown
Borofone Bluetooth Speaker S1,borofone-bluetooth-speaker-s1,Lien he a.Ngoc ~ 090 719 88 146,2016-11-01,markdown
Coteetci Apple Watch 38mm,coteetci-apple-watch-38mm,Lien he a.Ngoc ~ 090 719 88 148,2016-11-01,markdown
Coteetci Apple Watch 42mm,coteetci-apple-watch-42mm,Lien he a.Ngoc ~ 090 719 88 149,2016-11-01,markdown
Usam apple watch 42mm,usam-apple-watch-42mm,Lien he a.Ngoc ~ 090 719 88 150,2016-11-01,markdown
Samsung Galaxy Tab E 9.6 SM-T561 (CTY),samsung-galaxy-tab-e-9-6-sm-t561-cty,Lien he a.Ngoc ~ 090 719 88 151,2016-11-01,markdown
Samsung Galaxy Tab 2 10.1 4G,samsung-galaxy-tab-2-10-1-4g,Lien he a.Ngoc ~ 090 719 88 152,2016-11-01,markdown
Samsung Galaxy Tab S2 9.7 T815 (CTY),samsung-galaxy-tab-s2-9-7-t815-cty,Lien he a.Ngoc ~ 090 719 88 153,2016-11-01,markdown
Samsung Galaxy Tab S2 8.0 T715 (CTY),samsung-galaxy-tab-s2-8-0-t715-cty,Lien he a.Ngoc ~ 090 719 88 154,2016-11-01,markdown
ASUS ZenPad C 7.0 Z170CG (CTY),asus-zenpad-c-7-0-z170cg-cty,Lien he a.Ngoc ~ 090 719 88 155,2016-11-01,markdown
Samsung Galaxy Tab A8 (CTY),samsung-galaxy-tab-a8-cty,Lien he a.Ngoc ~ 090 719 88 156,2016-11-01,markdown
Samsung Galaxy Tab A9.7 (CTY),samsung-galaxy-tab-a9-7-cty,Lien he a.Ngoc ~ 090 719 88 157,2016-11-01,markdown
Samsung Galaxy Tab S 8.4 T705 (CTY),samsung-galaxy-tab-s-8-4-t705-cty,Lien he a.Ngoc ~ 090 719 88 158,2016-11-01,markdown
Samsung Galaxy Tab 4 T531 (CTY),samsung-galaxy-tab-4-t531-cty,Lien he a.Ngoc ~ 090 719 88 159,2016-11-01,markdown
Samsung Galaxy Tab 4 T231 (CTY),samsung-galaxy-tab-4-t231-cty,Lien he a.Ngoc ~ 090 719 88 160,2016-11-01,markdown
Samsung Galaxy Tab 3V T116 (CTY),samsung-galaxy-tab-3v-t116-cty,Lien he a.Ngoc ~ 090 719 88 161,2016-11-01,markdown
Sony Xperia M4 Aqua Single (CTY),sony-xperia-m4-aqua-single-cty,Lien he a.Ngoc ~ 090 719 88 162,2016-11-01,markdown
Lenovo Vibe P1 3G RAM (CTY),lenovo-vibe-p1-3g-ram-cty,Lien he a.Ngoc ~ 090 719 88 163,2016-11-01,markdown
Oppo F1 Plus (CTY),oppo-f1-plus-cty,Lien he a.Ngoc ~ 090 719 88 164,2016-11-01,markdown
Xiaomi Mi Note Pro,xiaomi-mi-note-pro,Lien he a.Ngoc ~ 090 719 88 165,2016-11-01,markdown
Philips E170 (CTY),philips-e170-cty,Lien he a.Ngoc ~ 090 719 88 166,2016-11-01,markdown
HTC 820G Plus (CTY),htc-820g-plus-cty,Lien he a.Ngoc ~ 090 719 88 167,2016-11-01,markdown
Infocus M560,infocus-m560,Lien he a.Ngoc ~ 090 719 88 168,2016-11-01,markdown
Xiaomi MI 4 (RAM 2G - ROM 16G),xiaomi-mi-4-ram-2g-rom-16g,Lien he a.Ngoc ~ 090 719 88 169,2016-11-01,markdown
HTC Desire 820Q (CTY),htc-desire-820q-cty,Lien he a.Ngoc ~ 090 719 88 170,2016-11-01,markdown
Xiaomi Mi 5 (RAM 4G - ROM 128GB),xiaomi-mi-5-ram-4g-rom-128gb,Lien he a.Ngoc ~ 090 719 88 171,2016-11-01,markdown
Xiaomi Mi 5 (RAM 3G - ROM 64GB),xiaomi-mi-5-ram-3g-rom-64gb,Lien he a.Ngoc ~ 090 719 88 172,2016-11-01,markdown
Xiaomi Mi 4S,xiaomi-mi-4s,Lien he a.Ngoc ~ 090 719 88 173,2016-11-01,markdown
Xiaomi Mi 5 (RAM 3G - ROM 32GB),xiaomi-mi-5-ram-3g-rom-32gb,Lien he a.Ngoc ~ 090 719 88 174,2016-11-01,markdown
Oppo F1 (CTY),oppo-f1-cty,Lien he a.Ngoc ~ 090 719 88 175,2016-11-01,markdown
Samsung Galaxy S7 Edge (CTY),samsung-galaxy-s7-edge-cty,Lien he a.Ngoc ~ 090 719 88 176,2016-11-01,markdown
Samsung Galaxy S7 (CTY),samsung-galaxy-s7-cty,Lien he a.Ngoc ~ 090 719 88 177,2016-11-01,markdown
Sony Xperia Z4 AU,sony-xperia-z4-au,Lien he a.Ngoc ~ 090 719 88 178,2016-11-01,markdown
Xiaomi Redmi 3,xiaomi-redmi-3,Lien he a.Ngoc ~ 090 719 88 179,2016-11-01,markdown
Xiaomi Redmi Note 3 Pro (RAM 2GB - ROM 16GB),xiaomi-redmi-note-3-pro-ram-2gb-rom-16gb,Lien he a.Ngoc ~ 090 719 88 180,2016-11-01,markdown
Xiaomi Redmi Note 3 Pro (RAM 3GB - ROM 32GB),xiaomi-redmi-note-3-pro-ram-3gb-rom-32gb,Lien he a.Ngoc ~ 090 719 88 181,2016-11-01,markdown
Asus Zenfone Max (CTY),asus-zenfone-max-cty,Lien he a.Ngoc ~ 090 719 88 182,2016-11-01,markdown
Samsung Galaxy J3 (CTY),samsung-galaxy-j3-cty,Lien he a.Ngoc ~ 090 719 88 183,2016-11-01,markdown
Lenovo A7010 3G RAM (CTY),lenovo-a7010-3g-ram-cty,Lien he a.Ngoc ~ 090 719 88 184,2016-11-01,markdown
OPPO Neo 5 16GB (CTY),oppo-neo-5-16gb-cty,Lien he a.Ngoc ~ 090 719 88 185,2016-11-01,markdown
Apple iPad Pro 9.7 WiFi 128GB,apple-ipad-pro-9-7-wifi-128gb,Lien he a.Ngoc ~ 090 719 88 186,2016-11-01,markdown
Apple iPad Pro 9.7 WiFi 32GB,apple-ipad-pro-9-7-wifi-32gb,Lien he a.Ngoc ~ 090 719 88 187,2016-11-01,markdown
Apple iPad Pro 9.7 4G 256GB,apple-ipad-pro-9-7-4g-256gb,Lien he a.Ngoc ~ 090 719 88 188,2016-11-01,markdown
Apple iPad Pro 9.7 4G 128GB,apple-ipad-pro-9-7-4g-128gb,Lien he a.Ngoc ~ 090 719 88 189,2016-11-01,markdown
Apple iPad Pro 9.7 4G 32GB,apple-ipad-pro-9-7-4g-32gb,Lien he a.Ngoc ~ 090 719 88 190,2016-11-01,markdown
Apple iPad Mini 2 4G 128GB (Certified Pre...,apple-ipad-mini-2-4g-128gb-certified-pre,Lien he a.Ngoc ~ 090 719 88 191,2016-11-01,markdown
Apple iPad Mini 2 4G 64GB (Certified Pre-...,apple-ipad-mini-2-4g-64gb-certified-pre,Lien he a.Ngoc ~ 090 719 88 192,2016-11-01,markdown
Apple iPad Pro 4G 128GB,apple-ipad-pro-4g-128gb,Lien he a.Ngoc ~ 090 719 88 193,2016-11-01,markdown
Apple iPad Pro WIFI 128GB,apple-ipad-pro-wifi-128gb,Lien he a.Ngoc ~ 090 719 88 194,2016-11-01,markdown
Apple iPad Pro WIFI 32GB,apple-ipad-pro-wifi-32gb,Lien he a.Ngoc ~ 090 719 88 195,2016-11-01,markdown
Apple iPad Mini 4 4G 16GB,apple-ipad-mini-4-4g-16gb,Lien he a.Ngoc ~ 090 719 88 196,2016-11-01,markdown
Apple iPad Mini 4 4G 64GB,apple-ipad-mini-4-4g-64gb,Lien he a.Ngoc ~ 090 719 88 197,2016-11-01,markdown
Apple iPad Mini 4 4G 128GB,apple-ipad-mini-4-4g-128gb,Lien he a.Ngoc ~ 090 719 88 198,2016-11-01,markdown
Apple iPad Mini 4 WiFi 16GB,apple-ipad-mini-4-wifi-16gb,Lien he a.Ngoc ~ 090 719 88 199,2016-11-01,markdown
Apple iPad Mini 4 WiFi 64GB,apple-ipad-mini-4-wifi-64gb,Lien he a.Ngoc ~ 090 719 88 200,2016-11-01,markdown
Apple iPad Air 2 4G 128GB (Certified Pre-...,apple-ipad-air-2-4g-128gb-certified-pre,Lien he a.Ngoc ~ 090 719 88 201,2016-11-01,markdown
Apple iPad Air 2 4G 16GB,apple-ipad-air-2-4g-16gb,Lien he a.Ngoc ~ 090 719 88 202,2016-11-01,markdown
Apple iPad Air 2 4G 64GB,apple-ipad-air-2-4g-64gb,Lien he a.Ngoc ~ 090 719 88 203,2016-11-01,markdown
Apple iPad Air 2 4G 128GB,apple-ipad-air-2-4g-128gb,Lien he a.Ngoc ~ 090 719 88 204,2016-11-01,markdown
Apple iPad Air 2 WiFi 16GB,apple-ipad-air-2-wifi-16gb,Lien he a.Ngoc ~ 090 719 88 205,2016-11-01,markdown
Apple iPad Air 2 WiFi 64GB,apple-ipad-air-2-wifi-64gb,Lien he a.Ngoc ~ 090 719 88 206,2016-11-01,markdown
Apple iPad Air 2 WiFi 128GB,apple-ipad-air-2-wifi-128gb,Lien he a.Ngoc ~ 090 719 88 207,2016-11-01,markdown
Apple iPad Mini 3 4G 16GB,apple-ipad-mini-3-4g-16gb,Lien he a.Ngoc ~ 090 719 88 208,2016-11-01,markdown
Apple iPad Mini 2 4G 16GB,apple-ipad-mini-2-4g-16gb,Lien he a.Ngoc ~ 090 719 88 209,2016-11-01,markdown
Apple The New Macbook - MJY32 (Gray),apple-the-new-macbook-mjy32-gray,Lien he a.Ngoc ~ 090 719 88 210,2016-11-01,markdown
Apple The New Macbook - MJY42 (Gray),apple-the-new-macbook-mjy42-gray,Lien he a.Ngoc ~ 090 719 88 211,2016-11-01,markdown
Apple The New Macbook - MF865 (Silver),apple-the-new-macbook-mf865-silver,Lien he a.Ngoc ~ 090 719 88 212,2016-11-01,markdown
Apple The New Macbook - MF855 (Sliver),apple-the-new-macbook-mf855-sliver,Lien he a.Ngoc ~ 090 719 88 213,2016-11-01,markdown
Apple The New Macbook - MK4N2 (Gold),apple-the-new-macbook-mk4n2-gold,Lien he a.Ngoc ~ 090 719 88 214,2016-11-01,markdown
Apple The New Macbook - MK4M2 (Gold),apple-the-new-macbook-mk4m2-gold,Lien he a.Ngoc ~ 090 719 88 215,2016-11-01,markdown
Apple Macbook Pro 2015 - MJLQ2,apple-macbook-pro-2015-mjlq2,Lien he a.Ngoc ~ 090 719 88 216,2016-11-01,markdown
Apple Macbook Pro 2015 - MJLT2,apple-macbook-pro-2015-mjlt2,Lien he a.Ngoc ~ 090 719 88 217,2016-11-01,markdown
Apple Macbook Pro 2015 - MF841,apple-macbook-pro-2015-mf841,Lien he a.Ngoc ~ 090 719 88 218,2016-11-01,markdown
Apple Macbook Pro 2015 - MF840,apple-macbook-pro-2015-mf840,Lien he a.Ngoc ~ 090 719 88 219,2016-11-01,markdown
Apple Macbook Pro 2015 - MF839,apple-macbook-pro-2015-mf839,Lien he a.Ngoc ~ 090 719 88 220,2016-11-01,markdown
Apple Macbook Air 2015 - MJVP2,apple-macbook-air-2015-mjvp2,Lien he a.Ngoc ~ 090 719 88 221,2016-11-01,markdown
Apple Macbook Air 2015 - MJVM2,apple-macbook-air-2015-mjvm2,Lien he a.Ngoc ~ 090 719 88 222,2016-11-01,markdown
Apple Macbook Air 2015 - MJVG2,apple-macbook-air-2015-mjvg2,Lien he a.Ngoc ~ 090 719 88 223,2016-11-01,markdown
Apple Macbook Air 2015 - MJVE2,apple-macbook-air-2015-mjve2,Lien he a.Ngoc ~ 090 719 88 224,2016-11-01,markdown
Samsung Gear S2 Classic (CTY),samsung-gear-s2-classic-cty,Lien he a.Ngoc ~ 090 719 88 225,2016-11-01,markdown
Samsung Gear S2 (CTY),samsung-gear-s2-cty,Lien he a.Ngoc ~ 090 719 88 226,2016-11-01,markdown
Apple Watch Edition 38mm MJ8P2,apple-watch-edition-38mm-mj8p2,Lien he a.Ngoc ~ 090 719 88 227,2016-11-01,markdown
Apple Watch Edition 42mm MJ4A2,apple-watch-edition-42mm-mj4a2,Lien he a.Ngoc ~ 090 719 88 228,2016-11-01,markdown
Apple Watch 38mm Sport Gold MLCJ2,apple-watch-38mm-sport-gold-mlcj2,Lien he a.Ngoc ~ 090 719 88 229,2016-11-01,markdown
Apple Watch Edition 38mm MJ3K2,apple-watch-edition-38mm-mj3k2,Lien he a.Ngoc ~ 090 719 88 230,2016-11-01,markdown
Apple Watch Sport 38mm Rose Gold MLCH2,apple-watch-sport-38mm-rose-gold-mlch2,Lien he a.Ngoc ~ 090 719 88 231,2016-11-01,markdown
Apple Watch Sport 42mm Gold MLC72,apple-watch-sport-42mm-gold-mlc72,Lien he a.Ngoc ~ 090 719 88 232,2016-11-01,markdown
Apple Watch Edition 38mm MJ3G2,apple-watch-edition-38mm-mj3g2,Lien he a.Ngoc ~ 090 719 88 233,2016-11-01,markdown
Apple Watch Sport 42mm Rose Gold MLC62,apple-watch-sport-42mm-rose-gold-mlc62,Lien he a.Ngoc ~ 090 719 88 234,2016-11-01,markdown
Apple Watch 38mm Milanese Loop MJ322,apple-watch-38mm-milanese-loop-mj322,Lien he a.Ngoc ~ 090 719 88 235,2016-11-01,markdown
Apple Watch 42mm Milanese Loop MJ3Y2,apple-watch-42mm-milanese-loop-mj3y2,Lien he a.Ngoc ~ 090 719 88 236,2016-11-01,markdown
Apple Watch 38mm Stainless Steel Case MJ2Y2,apple-watch-38mm-stainless-steel-case-mj2y2,Lien he a.Ngoc ~ 090 719 88 237,2016-11-01,markdown
Apple Watch 38mm Stainless Steel Case MJ312,apple-watch-38mm-stainless-steel-case-mj312,Lien he a.Ngoc ~ 090 719 88 238,2016-11-01,markdown
Apple Watch 38mm Stainless Steel Case MJ302,apple-watch-38mm-stainless-steel-case-mj302,Lien he a.Ngoc ~ 090 719 88 239,2016-11-01,markdown
Apple Watch 42mm Stainless Steel Case MJ3V2,apple-watch-42mm-stainless-steel-case-mj3v2,Lien he a.Ngoc ~ 090 719 88 240,2016-11-01,markdown
Apple Watch Sport 38mm Black MJ2X2,apple-watch-sport-38mm-black-mj2x2,Lien he a.Ngoc ~ 090 719 88 241,2016-11-01,markdown
Apple Watch Sport 42mm Black MJ3T2,apple-watch-sport-42mm-black-mj3t2,Lien he a.Ngoc ~ 090 719 88 242,2016-11-01,markdown
Apple Watch Sport 38mm Blue MJ2V2,apple-watch-sport-38mm-blue-mj2v2,Lien he a.Ngoc ~ 090 719 88 243,2016-11-01,markdown
Apple Watch Sport 42mm Blue MJ3Q2,apple-watch-sport-42mm-blue-mj3q2,Lien he a.Ngoc ~ 090 719 88 244,2016-11-01,markdown
Apple Watch Sport 38mm Green MJ2U2,apple-watch-sport-38mm-green-mj2u2,Lien he a.Ngoc ~ 090 719 88 245,2016-11-01,markdown
Apple Watch Sport 42mm Green MJ3P2,apple-watch-sport-42mm-green-mj3p2,Lien he a.Ngoc ~ 090 719 88 246,2016-11-01,markdown
Apple Watch Sport 38mm White MJ2T2,apple-watch-sport-38mm-white-mj2t2,Lien he a.Ngoc ~ 090 719 88 247,2016-11-01,markdown
Apple Watch Sport 42mm White MJ3N2,apple-watch-sport-42mm-white-mj3n2,Lien he a.Ngoc ~ 090 719 88 248,2016-11-01,markdown
Apple iPhone 7 32GB,iphone-7-32,Lien he a.Ngoc ~ 090 719 88 249,2016-11-01,markdown
